{"files":{"vendor/modernizr-74da3245def7569da28115667be6a85a2ad97464abe707c9829c46d8975597bc.js":{"logical_path":"vendor/modernizr.js","mtime":"2015-06-07T23:07:53-04:00","size":51352,"digest":"74da3245def7569da28115667be6a85a2ad97464abe707c9829c46d8975597bc","integrity":"sha256-dNoyRd73Vp2igRVme+aoWirZdGSr5wfJgpxG2JdVl7w="},"select2-d6b5d8d83dbc18fb8d77c8761d331cd9e5123c9684950bab0406e98a24ac5ae8.png":{"logical_path":"select2.png","mtime":"2015-03-22T23:26:30-04:00","size":613,"digest":"d6b5d8d83dbc18fb8d77c8761d331cd9e5123c9684950bab0406e98a24ac5ae8","integrity":"sha256-1rXY2D28GPuNd8h2HTMc2eUSPJaElQurBAbpiiSsWug="},"select2-spinner-f6ecff617ec2ba7f559e6f535cad9b70a3f91120737535dab4d4548a6c83576c.gif":{"logical_path":"select2-spinner.gif","mtime":"2015-03-22T23:26:30-04:00","size":1849,"digest":"f6ecff617ec2ba7f559e6f535cad9b70a3f91120737535dab4d4548a6c83576c","integrity":"sha256-9uz/YX7Cun9Vnm9TXK2bcKP5ESBzdTXatNRUimyDV2w="},"select2x2-6fe28d687dc0ed4d96016238c608ba1e7198c9c9accfa0b360b78018b9fb9bc2.png":{"logical_path":"select2x2.png","mtime":"2015-03-22T23:26:30-04:00","size":845,"digest":"6fe28d687dc0ed4d96016238c608ba1e7198c9c9accfa0b360b78018b9fb9bc2","integrity":"sha256-b+KNaH3A7U2WAWI4xgi6HnGYycmsz6CzYLeAGLn7m8I="},"SIMPLIFICA_Typeface-e94d1a99be4ecf5bcc9dfda953f56ea936cbdb191caf29701d16604e87bbbbc4.ttf":{"logical_path":"SIMPLIFICA_Typeface.ttf","mtime":"2014-02-04T13:07:02-05:00","size":56852,"digest":"e94d1a99be4ecf5bcc9dfda953f56ea936cbdb191caf29701d16604e87bbbbc4","integrity":"sha256-6U0amb5Oz1vMnf2pU/VuqTbL2xkcrylwHRZgToe7u8Q="},"application-94ef44262a934dfc9c79984972828166b460e4a77ff044f35e13585788c0c442.js":{"logical_path":"application.js","mtime":"2015-06-13T23:56:38-04:00","size":685649,"digest":"94ef44262a934dfc9c79984972828166b460e4a77ff044f35e13585788c0c442","integrity":"sha256-lO9EJiqTTfyceZhJcoKBZrRg5Kd/8ETzXhNYV4jAxEI="},"application-31cca75810ddab4e4c6f8389eaa246ded8529eb9876d3177c23f1c11d4f8379c.css":{"logical_path":"application.css","mtime":"2015-06-14T01:11:33-04:00","size":497948,"digest":"31cca75810ddab4e4c6f8389eaa246ded8529eb9876d3177c23f1c11d4f8379c","integrity":"sha256-McynWBDdq05Mb4OJ6qJG3thSnrmHbTF3wj8cEdT4N5w="},"FontAwesome-bdc5d0b9f397be83e886c74b0141d1954aa4384b359dce49829994c4a2e1f7bf.otf":{"logical_path":"FontAwesome.otf","mtime":"2015-06-01T22:43:57-04:00","size":93888,"digest":"bdc5d0b9f397be83e886c74b0141d1954aa4384b359dce49829994c4a2e1f7bf","integrity":"sha256-vcXQufOXvoPohsdLAUHRlUqkOEs1nc5JgpmUxKLh978="},"fontawesome-webfont-cbb644d0ee730ea57dd5fbae35ef5ba4a41d57a254a6b1215de5c9ff8a321c2d.eot":{"logical_path":"fontawesome-webfont.eot","mtime":"2015-06-01T22:43:57-04:00","size":60767,"digest":"cbb644d0ee730ea57dd5fbae35ef5ba4a41d57a254a6b1215de5c9ff8a321c2d","integrity":"sha256-y7ZE0O5zDqV91fuuNe9bpKQdV6JUprEhXeXJ/4oyHC0="},"fontawesome-webfont-bfdef833219a6edffd9c3cbc28db72739d22bb4d20cc2e2f8d56a7a4d408a206.svg":{"logical_path":"fontawesome-webfont.svg","mtime":"2015-06-01T22:43:57-04:00","size":313398,"digest":"bfdef833219a6edffd9c3cbc28db72739d22bb4d20cc2e2f8d56a7a4d408a206","integrity":"sha256-v974MyGabt/9nDy8KNtyc50iu00gzC4vjVanpNQIogY="},"fontawesome-webfont-9e540a087924a6e64790149d735cac022640e4fa6bff6bd65f5e9f41529bf0b3.ttf":{"logical_path":"fontawesome-webfont.ttf","mtime":"2015-06-01T22:43:57-04:00","size":122092,"digest":"9e540a087924a6e64790149d735cac022640e4fa6bff6bd65f5e9f41529bf0b3","integrity":"sha256-nlQKCHkkpuZHkBSdc1ysAiZA5Ppr/2vWX16fQVKb8LM="},"fontawesome-webfont-e3870de89716b72cb61a4bba0e17c75783b361cdaba35ea96961c3070bd8ca18.woff":{"logical_path":"fontawesome-webfont.woff","mtime":"2015-06-01T22:43:57-04:00","size":71508,"digest":"e3870de89716b72cb61a4bba0e17c75783b361cdaba35ea96961c3070bd8ca18","integrity":"sha256-44cN6JcWtyy2Gku6DhfHV4OzYc2ro16paWHDBwvYyhg="},"fontawesome-webfont-aadc3580d2b64ff5a7e6f1425587db4e8b033efcbf8f5c332ca52a5ed580c87c.woff2":{"logical_path":"fontawesome-webfont.woff2","mtime":"2015-06-01T22:43:57-04:00","size":56780,"digest":"aadc3580d2b64ff5a7e6f1425587db4e8b033efcbf8f5c332ca52a5ed580c87c","integrity":"sha256-qtw1gNK2T/Wn5vFCVYfbTosDPvy/j1wzLKUqXtWAyHw="},"font-awesome/fontawesome-webfont-cbb644d0ee730ea57dd5fbae35ef5ba4a41d57a254a6b1215de5c9ff8a321c2d.eot":{"logical_path":"font-awesome/fontawesome-webfont.eot","mtime":"2015-06-07T23:07:52-04:00","size":60767,"digest":"cbb644d0ee730ea57dd5fbae35ef5ba4a41d57a254a6b1215de5c9ff8a321c2d","integrity":"sha256-y7ZE0O5zDqV91fuuNe9bpKQdV6JUprEhXeXJ/4oyHC0="},"font-awesome/fontawesome-webfont-bfdef833219a6edffd9c3cbc28db72739d22bb4d20cc2e2f8d56a7a4d408a206.svg":{"logical_path":"font-awesome/fontawesome-webfont.svg","mtime":"2015-06-07T23:07:53-04:00","size":313398,"digest":"bfdef833219a6edffd9c3cbc28db72739d22bb4d20cc2e2f8d56a7a4d408a206","integrity":"sha256-v974MyGabt/9nDy8KNtyc50iu00gzC4vjVanpNQIogY="},"font-awesome/fontawesome-webfont-9e540a087924a6e64790149d735cac022640e4fa6bff6bd65f5e9f41529bf0b3.ttf":{"logical_path":"font-awesome/fontawesome-webfont.ttf","mtime":"2015-06-07T23:07:53-04:00","size":122092,"digest":"9e540a087924a6e64790149d735cac022640e4fa6bff6bd65f5e9f41529bf0b3","integrity":"sha256-nlQKCHkkpuZHkBSdc1ysAiZA5Ppr/2vWX16fQVKb8LM="},"font-awesome/fontawesome-webfont-e3870de89716b72cb61a4bba0e17c75783b361cdaba35ea96961c3070bd8ca18.woff":{"logical_path":"font-awesome/fontawesome-webfont.woff","mtime":"2015-06-07T23:07:53-04:00","size":71508,"digest":"e3870de89716b72cb61a4bba0e17c75783b361cdaba35ea96961c3070bd8ca18","integrity":"sha256-44cN6JcWtyy2Gku6DhfHV4OzYc2ro16paWHDBwvYyhg="},"font-awesome/fontawesome-webfont-aadc3580d2b64ff5a7e6f1425587db4e8b033efcbf8f5c332ca52a5ed580c87c.woff2":{"logical_path":"font-awesome/fontawesome-webfont.woff2","mtime":"2015-06-07T23:07:53-04:00","size":56780,"digest":"aadc3580d2b64ff5a7e6f1425587db4e8b033efcbf8f5c332ca52a5ed580c87c","integrity":"sha256-qtw1gNK2T/Wn5vFCVYfbTosDPvy/j1wzLKUqXtWAyHw="}},"assets":{"vendor/modernizr.js":"vendor/modernizr-74da3245def7569da28115667be6a85a2ad97464abe707c9829c46d8975597bc.js","select2.png":"select2-d6b5d8d83dbc18fb8d77c8761d331cd9e5123c9684950bab0406e98a24ac5ae8.png","select2-spinner.gif":"select2-spinner-f6ecff617ec2ba7f559e6f535cad9b70a3f91120737535dab4d4548a6c83576c.gif","select2x2.png":"select2x2-6fe28d687dc0ed4d96016238c608ba1e7198c9c9accfa0b360b78018b9fb9bc2.png","SIMPLIFICA_Typeface.ttf":"SIMPLIFICA_Typeface-e94d1a99be4ecf5bcc9dfda953f56ea936cbdb191caf29701d16604e87bbbbc4.ttf","application.js":"application-94ef44262a934dfc9c79984972828166b460e4a77ff044f35e13585788c0c442.js","application.css":"application-31cca75810ddab4e4c6f8389eaa246ded8529eb9876d3177c23f1c11d4f8379c.css","FontAwesome.otf":"FontAwesome-bdc5d0b9f397be83e886c74b0141d1954aa4384b359dce49829994c4a2e1f7bf.otf","fontawesome-webfont.eot":"fontawesome-webfont-cbb644d0ee730ea57dd5fbae35ef5ba4a41d57a254a6b1215de5c9ff8a321c2d.eot","fontawesome-webfont.svg":"fontawesome-webfont-bfdef833219a6edffd9c3cbc28db72739d22bb4d20cc2e2f8d56a7a4d408a206.svg","fontawesome-webfont.ttf":"fontawesome-webfont-9e540a087924a6e64790149d735cac022640e4fa6bff6bd65f5e9f41529bf0b3.ttf","fontawesome-webfont.woff":"fontawesome-webfont-e3870de89716b72cb61a4bba0e17c75783b361cdaba35ea96961c3070bd8ca18.woff","fontawesome-webfont.woff2":"fontawesome-webfont-aadc3580d2b64ff5a7e6f1425587db4e8b033efcbf8f5c332ca52a5ed580c87c.woff2","font-awesome/fontawesome-webfont.eot":"font-awesome/fontawesome-webfont-cbb644d0ee730ea57dd5fbae35ef5ba4a41d57a254a6b1215de5c9ff8a321c2d.eot","font-awesome/fontawesome-webfont.svg":"font-awesome/fontawesome-webfont-bfdef833219a6edffd9c3cbc28db72739d22bb4d20cc2e2f8d56a7a4d408a206.svg","font-awesome/fontawesome-webfont.ttf":"font-awesome/fontawesome-webfont-9e540a087924a6e64790149d735cac022640e4fa6bff6bd65f5e9f41529bf0b3.ttf","font-awesome/fontawesome-webfont.woff":"font-awesome/fontawesome-webfont-e3870de89716b72cb61a4bba0e17c75783b361cdaba35ea96961c3070bd8ca18.woff","font-awesome/fontawesome-webfont.woff2":"font-awesome/fontawesome-webfont-aadc3580d2b64ff5a7e6f1425587db4e8b033efcbf8f5c332ca52a5ed580c87c.woff2"}}